ID,name,createdAt,createdBy,modifiedAt,modifiedBy
23969264-fbeb-4321-9b1f-717792abe869,name-23969264,2020-09-17T00:00:00.000Z,createdBy.e9qsw@example.org,2021-11-30T00:00:00.000Z,modifiedBy.e9qsw@example.org
82413535-9c16-4447-a9ea-d7e66f2dc263,name-8241353,2009-10-04T00:00:00.000Z,createdBy.4wn2h@example.net,2007-01-01T00:00:00.000Z,modifiedBy.4wn2h@example.net
82413540-e1e8-4467-994e-937674749941,name-8241354,2009-03-20T00:00:00.000Z,createdBy.4wn2i@example.org,2008-08-09T00:00:00.000Z,modifiedBy.4wn2i@example.com
8241355a-f9ff-4f8a-8808-c35676c30713,name-8241355,2007-08-15T00:00:00.000Z,createdBy.4wn2j@example.org,2015-12-14T00:00:00.000Z,modifiedBy.4wn2j@example.com
8241356c-f0a9-4062-9ae5-317dda92aa28,name-8241356,2012-06-30T00:00:00.000Z,createdBy.4wn2k@example.org,2002-11-30T00:00:00.000Z,modifiedBy.4wn2k@example.com
82413576-3a3f-4efd-b557-8423122aa797,name-8241357,2008-11-16T00:00:00.000Z,createdBy.4wn2l@example.net,2013-11-08T00:00:00.000Z,modifiedBy.4wn2l@example.org
82413580-0972-4fb0-a6fd-fea487d7561a,name-8241358,2023-08-28T00:00:00.000Z,createdBy.4wn2m@example.net,2019-05-22T00:00:00.000Z,modifiedBy.4wn2m@example.com
8241359f-426e-48e5-834c-5f9780dc5ce5,name-8241359,2011-12-27T00:00:00.000Z,createdBy.4wn2n@example.com,2018-11-27T00:00:00.000Z,modifiedBy.4wn2n@example.org
8241360b-990e-4f30-9371-6348729ec90a,name-8241360,2000-12-04T00:00:00.000Z,createdBy.4wn2o@example.com,2001-03-14T00:00:00.000Z,modifiedBy.4wn2o@example.com
8241361b-e773-42a7-a0f2-184d52ef635f,name-8241361,2008-04-23T00:00:00.000Z,createdBy.4wn2p@example.net,2017-06-21T00:00:00.000Z,modifiedBy.4wn2p@example.com
